{"cameraMode":{"drawMode":0,"name":"Shaded","section":"Shading Mode"},"sceneLighting":false,"audioPlay":false,"sceneViewState":{"showFog":true,"showMaterialUpdate":true,"showSkybox":false,"showFlares":true,"showImageEffects":true,"showParticleSystems":true},"in2DMode":false,"pivot":{"x":0.6144074201583862,"y":-0.04825645685195923,"z":-0.27792370319366457},"rotation":{"x":-0.098130002617836,"y":-0.4323728084564209,"z":-0.8950883746147156,"w":0.04740312322974205},"size":1.1559011936187745,"orthographic":true}