{"cameraMode":{"drawMode":0,"name":"Shaded","section":"Shading Mode"},"sceneLighting":false,"audioPlay":false,"sceneViewState":{"showFog":true,"showMaterialUpdate":true,"showSkybox":false,"showFlares":true,"showImageEffects":true,"showParticleSystems":true},"in2DMode":false,"pivot":{"x":0.5460000038146973,"y":0.9769999980926514,"z":0.03999999165534973},"rotation":{"x":0.48504120111465456,"y":-0.4158003330230713,"z":0.7158743143081665,"w":0.28172603249549868},"size":0.708078920841217,"orthographic":true}