{"cameraMode":{"drawMode":0,"name":"Shaded","section":"Shading Mode"},"sceneLighting":false,"audioPlay":false,"sceneViewState":{"showFog":true,"showMaterialUpdate":true,"showSkybox":false,"showFlares":true,"showImageEffects":true,"showParticleSystems":true},"in2DMode":false,"pivot":{"x":-0.20046675205230714,"y":0.6237800121307373,"z":1.3743867874145508},"rotation":{"x":0.017997389659285547,"y":0.013497412204742432,"z":-0.00024297971685882658,"w":0.9997471570968628},"size":1.4824068546295167,"orthographic":false}