{"cameraMode":{"drawMode":0,"name":"Shaded","section":"Shading Mode"},"sceneLighting":false,"audioPlay":false,"sceneViewState":{"showFog":true,"showMaterialUpdate":true,"showSkybox":false,"showFlares":true,"showImageEffects":true,"showParticleSystems":true},"in2DMode":false,"pivot":{"x":-0.10463136434555054,"y":0.008097469806671143,"z":-0.3583042025566101},"rotation":{"x":-0.22036366164684297,"y":-0.4792810380458832,"z":-0.1257062405347824,"w":0.8401970267295837},"size":1.180993914604187,"orthographic":true}