{"cameraMode":{"drawMode":0,"name":"Shaded","section":"Shading Mode"},"sceneLighting":false,"audioPlay":false,"sceneViewState":{"showFog":true,"showMaterialUpdate":true,"showSkybox":false,"showFlares":true,"showImageEffects":true,"showParticleSystems":true},"in2DMode":false,"pivot":{"x":0.2785395383834839,"y":-0.015852808952331544,"z":-0.3731345534324646},"rotation":{"x":0.013537103310227394,"y":-0.9465489387512207,"z":-0.31978103518486025,"w":-0.04006614536046982},"size":1.183164358139038,"orthographic":true}