{"cameraMode":{"drawMode":0,"name":"Shaded","section":"Shading Mode"},"sceneLighting":true,"audioPlay":false,"sceneViewState":{"showFog":true,"showMaterialUpdate":true,"showSkybox":true,"showFlares":true,"showImageEffects":true,"showParticleSystems":true},"in2DMode":false,"pivot":{"x":12.126348495483399,"y":48.60420227050781,"z":0.7903101444244385},"rotation":{"x":0.06289713084697724,"y":-0.044000282883644107,"z":0.002775676781311631,"w":0.9970458149909973},"size":947.6920776367188,"orthographic":false}