{"cameraMode":{"drawMode":0,"name":"Shaded","section":"Shading Mode"},"sceneLighting":false,"audioPlay":false,"sceneViewState":{"showFog":true,"showMaterialUpdate":true,"showSkybox":false,"showFlares":true,"showImageEffects":true,"showParticleSystems":true},"in2DMode":false,"pivot":{"x":0.655877947807312,"y":0.9709663391113281,"z":-0.03081512451171875},"rotation":{"x":-0.07463258504867554,"y":0.08873019367456436,"z":0.006667314097285271,"w":0.9932342767715454},"size":0.7593642473220825,"orthographic":false}